{"cameraMode":{"drawMode":0,"name":"Shaded","section":"Shading Mode"},"sceneLighting":true,"audioPlay":false,"sceneViewState":{"showFog":true,"showMaterialUpdate":false,"showSkybox":true,"showFlares":true,"showImageEffects":true,"showParticleSystems":true},"in2DMode":false,"pivot":{"x":0.2922742962837219,"y":1.5,"z":0.07973623275756836},"rotation":{"x":-0.2779995799064636,"y":-0.04292375221848488,"z":0.01243577990680933,"w":-0.9595418572425842},"size":0.6573615074157715,"orthographic":false}