{"cameraMode":{"drawMode":0,"name":"Shaded","section":"Shading Mode"},"sceneLighting":true,"audioPlay":false,"sceneViewState":{"showFog":true,"showMaterialUpdate":false,"showSkybox":true,"showFlares":true,"showImageEffects":true,"showParticleSystems":true},"in2DMode":false,"pivot":{"x":-0.04437899589538574,"y":1.2892569303512574,"z":3.888256549835205},"rotation":{"x":0.20260407030582429,"y":-0.11660841852426529,"z":0.024306388571858407,"w":0.9719907641410828},"size":2.961427688598633,"orthographic":false}