{"cameraMode":{"drawMode":0,"name":"Shaded","section":"Shading Mode"},"sceneLighting":true,"audioPlay":false,"sceneViewState":{"showFog":true,"showMaterialUpdate":false,"showSkybox":true,"showFlares":true,"showImageEffects":true,"showParticleSystems":true},"in2DMode":false,"pivot":{"x":0.7657746076583862,"y":0.8067939877510071,"z":0.043965503573417667},"rotation":{"x":0.18183350563049317,"y":-0.40756651759147646,"z":0.08317307382822037,"w":0.8910171389579773},"size":3.7087531089782717,"orthographic":false}